{"cameraMode":{"drawMode":0,"name":"Shaded","section":"Shading Mode"},"sceneLighting":true,"audioPlay":false,"sceneViewState":{"m_AlwaysRefresh":false,"showFog":true,"showSkybox":true,"showFlares":true,"showImageEffects":true,"showParticleSystems":true,"showVisualEffectGraphs":true,"m_FxEnabled":true},"in2DMode":false,"pivot":{"x":-0.20997437834739686,"y":0.8738279342651367,"z":0.6578328013420105},"rotation":{"x":0.030327443033456804,"y":-0.9691567420959473,"z":0.18839815258979798,"w":0.1559959203004837},"size":6.730898857116699,"orthographic":true}